tot nodes,start_node,end_node,preprocessing_time (ms),execution_time (ms),explored_nodes,space_occupation (Byte),space_preprocessing (Byte),space_query (Byte),path_weight
5000,2329,4777,558604.4640541077,1.1708736419677734,72,7278040,6465616,812424,30
5000,388,1096,558604.4640541077,1.3461112976074219,203,7276000,6465616,810384,46
5000,3380,4526,558604.4640541077,0.7829666137695312,42,7279168,6465616,813552,16
5000,389,1995,558604.4640541077,0.7071495056152344,42,7279696,6465616,814080,23
5000,3051,3338,558604.4640541077,0.6892681121826172,48,7279576,6465616,813960,-1
5000,3919,1160,558604.4640541077,0.6480216979980469,24,7280128,6465616,814512,-1
5000,623,2708,558604.4640541077,1.0099411010742188,108,7276960,6465616,811344,24
5000,4222,764,558604.4640541077,0.5841255187988281,17,7280320,6465616,814704,-1
5000,3419,4118,558604.4640541077,1.3167858123779297,181,7274560,6465616,808944,42
5000,4151,4395,558604.4640541077,0.8950233459472656,87,7278232,6465616,812616,56
5000,2679,11,558604.4640541077,0.7569789886474609,43,7278904,6465616,813288,24
5000,314,4895,558604.4640541077,1.0199546813964844,142,7277440,6465616,811824,28
5000,4350,4439,558604.4640541077,0.5769729614257812,12,7280440,6465616,814824,-1
5000,502,3122,558604.4640541077,0.74005126953125,64,7278952,6465616,813336,53
5000,337,3036,558604.4640541077,0.5939006805419922,13,7280392,6465616,814776,-1
5000,233,2880,558604.4640541077,0.7832050323486328,79,7278928,6465616,813312,-1
5000,1556,1509,558604.4640541077,0.7052421569824219,42,7278904,6465616,813288,24
5000,1621,4822,558604.4640541077,0.6921291351318359,38,7279432,6465616,813816,30
5000,4765,4291,558604.4640541077,1.0769367218017578,139,7275232,6465616,809616,31
5000,4045,1916,558604.4640541077,0.6251335144042969,20,7279648,6465616,814032,18
5000,1869,2445,558604.4640541077,0.7450580596923828,71,7278832,6465616,813216,33
5000,539,26,558604.4640541077,1.1019706726074219,188,7276264,6465616,810648,32
5000,2488,2283,558604.4640541077,0.7579326629638672,55,7278088,6465616,812472,26
5000,637,3092,558604.4640541077,0.7569789886474609,56,7278592,6465616,812976,25
5000,207,4338,558604.4640541077,0.576019287109375,17,7280296,6465616,814680,-1
5000,4307,4577,558604.4640541077,0.80108642578125,95,7278496,6465616,812880,-1
5000,203,904,558604.4640541077,0.8599758148193359,105,7277632,6465616,812016,41
5000,939,4202,558604.4640541077,0.6527900695800781,34,7279288,6465616,813672,23
5000,3712,4982,558604.4640541077,0.6949901580810547,43,7278952,6465616,813336,14
5000,4816,1055,558604.4640541077,0.843048095703125,109,7278184,6465616,812568,59
5000,2853,2365,558604.4640541077,0.8859634399414062,95,7277248,6465616,811632,32
5000,1691,3971,558604.4640541077,0.6997585296630859,63,7279216,6465616,813600,-1
5000,4001,2999,558604.4640541077,0.579833984375,19,7280272,6465616,814656,-1
5000,2170,1339,558604.4640541077,0.8897781372070312,91,7277008,6465616,811392,27
5000,3055,2210,558604.4640541077,0.5450248718261719,4,7280608,6465616,814992,-1
5000,2541,1729,558604.4640541077,0.6718635559082031,46,7279288,6465616,813672,39
5000,1979,1214,558604.4640541077,0.6020069122314453,26,7280080,6465616,814464,-1
5000,3487,237,558604.4640541077,0.5621910095214844,6,7280560,6465616,814944,-1
5000,2572,504,558604.4640541077,0.6902217864990234,49,7278904,6465616,813288,32
5000,1194,752,558604.4640541077,0.9100437164306641,112,7277344,6465616,811728,32
5000,2035,1511,558604.4640541077,1.0530948638916016,183,7276504,6465616,810888,19
5000,3595,2546,558604.4640541077,0.7398128509521484,68,7278496,6465616,812880,27
5000,249,2999,558604.4640541077,0.8401870727539062,106,7278328,6465616,812712,-1
5000,2167,3685,558604.4640541077,0.5800724029541016,19,7280248,6465616,814632,-1
5000,825,2967,558604.4640541077,0.8833408355712891,104,7277200,6465616,811584,25
5000,2451,842,558604.4640541077,0.7519721984863281,69,7278472,6465616,812856,40
5000,3922,214,558604.4640541077,0.8180141448974609,89,7277800,6465616,812184,25
5000,4102,4537,558604.4640541077,0.8008480072021484,74,7277848,6465616,812232,17
5000,758,1921,558604.4640541077,0.579833984375,18,7280272,6465616,814656,-1
5000,2183,2857,558604.4640541077,0.7429122924804688,52,7278208,6465616,812592,20
5000,2112,127,558604.4640541077,0.5817413330078125,17,7280320,6465616,814704,-1
5000,4405,4516,558604.4640541077,0.8330345153808594,108,7278136,6465616,812520,54
5000,3036,341,558604.4640541077,0.9551048278808594,157,7277008,6465616,811392,-1
5000,934,1535,558604.4640541077,1.0690689086914062,186,7276336,6465616,810720,24
5000,619,4177,558604.4640541077,0.8139610290527344,90,7277896,6465616,812280,42
5000,26,49,558604.4640541077,0.579833984375,19,7280248,6465616,814632,-1
5000,2019,1128,558604.4640541077,0.9701251983642578,147,7277464,6465616,811848,45
5000,3053,3909,558604.4640541077,0.9372234344482422,119,7276600,6465616,810984,32
5000,2936,3813,558604.4640541077,1.8079280853271484,435,7271008,6465616,805392,42
5000,4190,2483,558604.4640541077,0.7240772247314453,78,7278904,6465616,813288,-1
5000,199,3102,558604.4640541077,0.6897449493408203,62,7279216,6465616,813600,-1
5000,2491,2082,558604.4640541077,0.7700920104980469,68,7278136,6465616,812520,28
5000,4822,2402,558604.4640541077,0.6139278411865234,31,7279960,6465616,814344,-1
5000,2339,2611,558604.4640541077,0.5450248718261719,5,7280608,6465616,814992,-1
5000,103,2826,558604.4640541077,0.8988380432128906,107,7276840,6465616,811224,27
5000,2169,3472,558604.4640541077,1.529693603515625,352,7272712,6465616,807096,50
5000,3881,2220,558604.4640541077,0.8568763732910156,109,7277656,6465616,812040,51
5000,3988,1966,558604.4640541077,0.9562969207763672,156,7277200,6465616,811584,24
5000,4953,1281,558604.4640541077,1.0669231414794922,172,7275880,6465616,810264,35
5000,262,680,558604.4640541077,0.7586479187011719,87,7278664,6465616,813048,18
5000,3902,293,558604.4640541077,0.9660720825195312,130,7276312,6465616,810696,35
5000,3068,1259,558604.4640541077,0.9019374847412109,104,7277080,6465616,811464,35
5000,4564,163,558604.4640541077,0.7429122924804688,65,7278160,6465616,812544,29
5000,4923,4897,558604.4640541077,0.9589195251464844,157,7277080,6465616,811464,-1
5000,4913,1761,558604.4640541077,0.80108642578125,100,7278376,6465616,812760,24
5000,1897,3525,558604.4640541077,0.6709098815917969,42,7279048,6465616,813432,18
5000,3663,4138,558604.4640541077,0.9479522705078125,110,7275952,6465616,810336,35
5000,249,2047,558604.4640541077,0.8609294891357422,94,7277656,6465616,812040,33
5000,3670,1654,558604.4640541077,0.965118408203125,156,7277080,6465616,811464,-1
5000,935,2143,558604.4640541077,0.9911060333251953,138,7277464,6465616,811848,60
5000,2545,1697,558604.4640541077,1.0418891906738281,130,7276096,6465616,810480,36
5000,1704,843,558604.4640541077,0.9920597076416016,142,7277440,6465616,811824,-1
5000,488,38,558604.4640541077,1.4290809631347656,241,7275088,6465616,809472,-1
5000,904,1513,558604.4640541077,0.6880760192871094,40,7279312,6465616,813696,26
5000,2055,3756,558604.4640541077,0.7028579711914062,57,7279360,6465616,813744,-1
5000,2012,3084,558604.4640541077,0.7328987121582031,65,7279288,6465616,813672,-1
5000,780,1524,558604.4640541077,0.8449554443359375,83,7277512,6465616,811896,37
5000,2969,1117,558604.4640541077,0.9489059448242188,117,7276672,6465616,811056,37
5000,3968,4170,558604.4640541077,0.7832050323486328,71,7278184,6465616,812568,22
5000,2407,3151,558604.4640541077,0.6821155548095703,37,7278640,6465616,813024,15
5000,4972,3480,558604.4640541077,0.8411407470703125,88,7278664,6465616,813048,39
5000,3433,3273,558604.4640541077,1.3420581817626953,198,7276120,6465616,810504,21
5000,4799,1929,558604.4640541077,1.5690326690673828,113,7278064,6465616,812448,-1
5000,4570,355,558604.4640541077,0.911712646484375,41,7279720,6465616,814104,49
5000,639,1135,558604.4640541077,1.0170936584472656,137,7277512,6465616,811896,-1
5000,688,2545,558604.4640541077,0.6859302520751953,17,7279816,6465616,814200,9
5000,4000,2862,558604.4640541077,1.3840198516845703,239,7275184,6465616,809568,16
5000,2621,4838,558604.4640541077,1.4221668243408203,214,7275784,6465616,810168,-1
5000,597,3150,558604.4640541077,0.8108615875244141,88,7278712,6465616,813096,-1
5000,4726,4888,558604.4640541077,1.3079643249511719,125,7277776,6465616,812160,31
5000,4313,965,558604.4640541077,0.7669925689697266,68,7279096,6465616,813480,48
5000,1629,327,558604.4640541077,1.455068588256836,119,7277920,6465616,812304,-1
5000,3546,3785,558604.4640541077,1.1577606201171875,192,7276264,6465616,810648,44
5000,3154,2111,558604.4640541077,0.6520748138427734,22,7279456,6465616,813840,14
5000,2961,2408,558604.4640541077,1.5041828155517578,295,7273864,6465616,808248,38
5000,333,3662,558604.4640541077,0.7941722869873047,51,7278040,6465616,812424,18
5000,2003,94,558604.4640541077,0.6778240203857422,32,7279936,6465616,814320,-1
5000,1928,4153,558604.4640541077,0.6957054138183594,40,7279408,6465616,813792,28
5000,3425,2712,558604.4640541077,0.6120204925537109,16,7280320,6465616,814704,-1
5000,1744,4103,558604.4640541077,0.9610652923583984,90,7277128,6465616,811512,25
5000,4668,2731,558604.4640541077,0.7932186126708984,55,7278184,6465616,812568,28
5000,2911,1611,558604.4640541077,0.6978511810302734,29,7279120,6465616,813504,13
5000,3477,3329,558604.4640541077,1.0349750518798828,89,7276960,6465616,811344,32
5000,817,4196,558604.4640541077,0.7448196411132812,49,7278592,6465616,812976,16
5000,1941,770,558604.4640541077,0.8790493011474609,105,7278304,6465616,812688,-1
5000,2744,2502,558604.4640541077,0.8599758148193359,92,7278616,6465616,813000,25
5000,2447,472,558604.4640541077,0.9229183197021484,109,7277344,6465616,811728,44
5000,651,2937,558604.4640541077,0.9629726409912109,110,7277968,6465616,812352,39
5000,1791,4580,558604.4640541077,0.8966922760009766,90,7277512,6465616,811896,28
5000,438,2885,558604.4640541077,0.9059906005859375,123,7277896,6465616,812280,-1
5000,398,4638,558604.4640541077,0.7698535919189453,83,7278736,6465616,813120,20
5000,125,808,558604.4640541077,0.7960796356201172,82,7278760,6465616,813144,44
5000,3488,1893,558604.4640541077,0.7889270782470703,65,7278304,6465616,812688,21
5000,4026,4874,558604.4640541077,0.5712509155273438,8,7280080,6465616,814464,7
5000,3881,2553,558604.4640541077,0.7328987121582031,56,7279384,6465616,813768,42
5000,2028,4916,558604.4640541077,0.5528926849365234,8,7280512,6465616,814896,-1
5000,2090,1883,558604.4640541077,2.0568370819091797,467,7269976,6465616,804360,-1
5000,2152,203,558604.4640541077,0.7309913635253906,59,7278808,6465616,813192,28
5000,1449,1439,558604.4640541077,0.5669593811035156,8,7280224,6465616,814608,11
5000,343,1126,558604.4640541077,0.9510517120361328,149,7277224,6465616,811608,-1
5000,952,1061,558604.4640541077,0.9500980377197266,112,7276696,6465616,811080,31
5000,1990,4973,558604.4640541077,0.9930133819580078,155,7277080,6465616,811464,38
5000,4551,2598,558604.4640541077,0.5729198455810547,17,7280296,6465616,814680,-1
5000,1237,3095,558604.4640541077,0.8099079132080078,100,7278376,6465616,812760,-1
5000,21,3742,558604.4640541077,0.9379386901855469,121,7277272,6465616,811656,57
5000,1501,3230,558604.4640541077,1.3642311096191406,284,7274176,6465616,808560,43
5000,2090,4661,558604.4640541077,0.8718967437744141,95,7277080,6465616,811464,21
5000,190,950,558604.4640541077,0.6167888641357422,19,7279624,6465616,814008,16
5000,1190,4521,558604.4640541077,0.7081031799316406,60,7278904,6465616,813288,36
5000,2737,139,558604.4640541077,0.6518363952636719,46,7279624,6465616,814008,-1
5000,4344,398,558604.4640541077,0.61798095703125,33,7279912,6465616,814296,-1
5000,3156,3105,558604.4640541077,0.7860660552978516,74,7279000,6465616,813384,51
5000,3392,556,558604.4640541077,1.024007797241211,118,7277584,6465616,811968,49
5000,3341,2882,558604.4640541077,0.9980201721191406,129,7277680,6465616,812064,42
5000,991,340,558604.4640541077,0.5791187286376953,8,7280512,6465616,814896,-1
5000,4345,459,558604.4640541077,0.7007122039794922,31,7279984,6465616,814368,-1
5000,492,2265,558604.4640541077,1.0762214660644531,135,7277464,6465616,811848,62
5000,3137,582,558604.4640541077,0.7078647613525391,37,7279864,6465616,814248,-1
5000,2399,730,558604.4640541077,0.9799003601074219,98,7277344,6465616,811728,29
5000,1972,463,558604.4640541077,0.7431507110595703,54,7279264,6465616,813648,40
5000,3848,333,558604.4640541077,1.3501644134521484,250,7275040,6465616,809424,32
5000,3418,4806,558604.4640541077,0.5478858947753906,5,7280584,6465616,814968,-1
5000,4849,3364,558604.4640541077,0.6420612335205078,36,7279696,6465616,814080,38
5000,809,1729,558604.4640541077,0.6532669067382812,31,7279288,6465616,813672,19
5000,2515,4736,558604.4640541077,0.7350444793701172,31,7279960,6465616,814344,-1
5000,4866,422,558604.4640541077,1.0151863098144531,100,7277392,6465616,811776,38
5000,2932,1237,558604.4640541077,0.5648136138916016,2,7280656,6465616,815040,-1
5000,4846,2236,558604.4640541077,0.5931854248046875,2,7280656,6465616,815040,-1
5000,2983,2235,558604.4640541077,1.0628700256347656,147,7277464,6465616,811848,-1
5000,2699,1596,558604.4640541077,1.1298656463623047,58,7278448,6465616,812832,27
5000,4511,2609,558604.4640541077,0.7932186126708984,53,7278736,6465616,813120,23
5000,77,4681,558604.4640541077,1.0488033294677734,153,7277200,6465616,811584,-1
5000,694,2431,558604.4640541077,0.7359981536865234,39,7278544,6465616,812928,14
5000,65,624,558604.4640541077,1.2688636779785156,183,7276384,6465616,810768,83
5000,857,765,558604.4640541077,0.7371902465820312,50,7278664,6465616,813048,26
5000,3754,3431,558604.4640541077,0.6978511810302734,36,7279840,6465616,814224,-1
5000,1161,1380,558604.4640541077,1.5420913696289062,299,7273792,6465616,808176,-1
5000,4523,639,558604.4640541077,0.9789466857910156,75,7278136,6465616,812520,34
5000,3558,1382,558604.4640541077,0.6709098815917969,18,7280272,6465616,814656,-1
5000,1242,3747,558604.4640541077,1.1851787567138672,135,7276696,6465616,811080,48
5000,187,772,558604.4640541077,0.7469654083251953,34,7279888,6465616,814272,-1
5000,4102,1561,558604.4640541077,1.497030258178711,242,7275160,6465616,809544,39
5000,4807,1636,558604.4640541077,0.9210109710693359,83,7277848,6465616,812232,37
5000,2957,3295,558604.4640541077,0.7271766662597656,39,7278952,6465616,813336,22
5000,1340,1603,558604.4640541077,0.61798095703125,8,7280512,6465616,814896,-1
5000,39,4842,558604.4640541077,0.5769729614257812,12,7280416,6465616,814800,-1
5000,542,4656,558604.4640541077,0.7708072662353516,61,7278616,6465616,813000,31
5000,4740,928,558604.4640541077,1.3659000396728516,220,7273360,6465616,807744,38
5000,2458,1313,558604.4640541077,0.5857944488525391,20,7280224,6465616,814608,-1
5000,4425,1557,558604.4640541077,0.7050037384033203,32,7279936,6465616,814320,-1
5000,162,2407,558604.4640541077,1.283884048461914,244,7275040,6465616,809424,-1
5000,4213,105,558604.4640541077,1.2710094451904297,221,7275544,6465616,809928,55
5000,1758,4679,558604.4640541077,0.57220458984375,15,7280344,6465616,814728,-1
5000,1810,240,558604.4640541077,0.5788803100585938,11,7280440,6465616,814824,-1
5000,1412,218,558604.4640541077,0.7419586181640625,65,7279288,6465616,813672,43
5000,104,4169,558604.4640541077,2.177000045776367,475,7270072,6465616,804456,21
5000,3285,3014,558604.4640541077,0.8189678192138672,73,7277704,6465616,812088,20
5000,4029,2739,558604.4640541077,0.6010532379150391,15,7280344,6465616,814728,-1
5000,3333,1807,558604.4640541077,0.6620883941650391,40,7279768,6465616,814152,-1
5000,138,672,558604.4640541077,0.7028579711914062,58,7279312,6465616,813696,61
5000,2325,2483,558604.4640541077,0.659942626953125,23,7279624,6465616,814008,11
5000,2049,1683,558604.4640541077,0.7460117340087891,52,7278592,6465616,812976,22
5000,3992,4108,558604.4640541077,1.092672348022461,179,7276552,6465616,810936,-1
5000,1355,1680,558604.4640541077,0.637054443359375,37,7279816,6465616,814200,-1
5000,939,3889,558604.4640541077,0.6551742553710938,13,7279744,6465616,814128,11
5000,420,4886,558604.4640541077,0.7522106170654297,64,7279240,6465616,813624,-1
5000,2670,3640,558604.4640541077,0.9431838989257812,120,7276744,6465616,811128,31
5000,4949,284,558604.4640541077,1.1680126190185547,194,7276216,6465616,810600,-1
5000,2351,1311,558604.4640541077,0.8478164672851562,88,7277536,6465616,811920,32
5000,310,134,558604.4640541077,1.0399818420410156,164,7276864,6465616,811248,-1
